id,first_name,last_name,gender,is_active
1,Karoly,Widdocks,Male,true
2,Mei,Stammers,Female,true
3,Mandie,Axup,Female,false
4,Melly,D'Souza,Female,true
5,Stefanie,Amos,Female,false
6,Eldredge,Dedmam,Male,false
7,Elane,Calbert,Female,false
8,Holly-anne,Stuckey,Female,true
9,Griswold,Tarborn,Male,false
10,Adelina,Alp,Female,false
11,Ann,Rainsdon,Female,true
12,Vania,Pote,Female,true
13,Christie,Bulbeck,Male,true
14,Joceline,Tummasutti,Female,true
15,Poul,MacCahey,Male,false
16,Gennifer,Mirfield,Female,true
17,Geoffry,Spadotto,Male,false
18,Domingo,Ferraretto,Male,false
19,Stanleigh,Pinxton,Male,true
20,Katee,Gobert,Female,false
21,Gwenore,Elms,Female,true
22,Dinnie,Fevier,Female,false
23,Milt,Gjerde,Polygender,true
24,Mycah,Bisacre,Male,true
25,Saree,Crissil,Female,true
26,Muffin,Rattray,Male,true
27,Klarika,Brodnecke,Female,true
28,Lanna,Burburough,Genderfluid,false
29,Carey,Gow,Male,true
30,Bryana,Deacon,Female,true
